 ,CALANDER,CAMERA,CONTACTS,LOCATION,MICROPHONE,PHONE,SENSOR,SMS,STORAGE,OTHERS,TOTAL 
2,0,0,0,0,0,0,0,0,1,0,1
3,0,0,1,0,0,1,0,0,0,0,2
4,0,0,1,0,1,1,0,0,1,0,4
5,0,0,0,0,0,0,0,0,1,0,1
6,0,0,0,0,0,0,0,0,0,1,1
7,0,0,0,0,0,0,0,1,0,0,1
9,0,0,0,0,0,0,0,0,0,1,1
10,0,0,0,0,0,0,0,0,1,0,1
11,0,0,0,0,0,0,0,0,0,1,1
12,0,0,0,0,0,1,0,0,1,0,2
13,0,0,0,1,0,1,0,0,1,0,3
14,0,0,0,0,0,0,0,0,0,1,1
15,0,0,1,1,0,1,0,0,1,0,4
16,0,0,0,0,0,1,0,0,0,0,1
17,0,0,0,0,0,0,0,0,0,1,1
18,0,0,0,0,0,1,0,0,1,0,2
19,0,0,1,1,0,0,0,0,1,0,3
20,0,0,0,0,0,1,0,0,1,0,2
21,0,0,0,0,0,0,0,0,0,1,1
22,0,0,1,0,1,1,0,0,1,0,4
23,0,0,0,0,0,0,0,0,0,1,1
24,0,0,1,0,0,1,0,0,0,0,2
25,0,0,0,0,0,0,0,0,1,0,1
26,0,0,0,0,0,0,0,0,1,0,1
27,0,0,1,0,1,1,0,0,1,0,4
28,0,0,0,0,0,1,0,0,1,0,2
29,0,0,0,0,0,0,0,0,0,1,1
30,0,0,1,1,0,1,0,0,0,0,3
31,0,0,0,0,0,0,0,0,0,1,1
32,0,0,0,0,0,0,0,0,0,1,1
33,0,0,0,0,0,0,0,0,0,1,1
34,0,0,1,0,0,0,0,0,0,0,1
35,0,0,0,0,0,0,0,0,0,1,1
36,0,0,0,0,1,0,0,0,1,0,2
37,0,0,0,0,0,0,0,0,1,0,1
38,0,0,1,0,0,0,0,0,0,0,1
39,0,0,1,0,0,0,0,0,1,0,2
40,0,0,1,0,0,0,0,0,1,0,2
41,0,0,1,0,0,0,0,0,1,0,2
42,0,0,1,0,0,0,0,0,1,0,2
43,0,0,1,0,0,0,0,0,1,0,2
44,0,0,0,0,0,0,0,0,0,1,1
45,0,0,0,0,0,0,0,0,0,1,1
46,0,0,0,0,0,1,0,0,1,0,2
47,0,0,0,0,0,0,0,0,0,1,1
48,0,0,1,0,0,0,0,0,1,0,2
49,0,0,1,0,0,0,0,0,1,0,2
50,0,0,1,0,0,0,0,0,1,0,2
51,0,0,0,0,0,0,0,0,0,1,1
52,0,0,0,0,0,0,0,0,0,1,1
53,0,0,0,0,0,0,0,0,0,1,1
54,0,0,0,0,0,0,0,0,1,0,1
55,0,1,0,0,0,0,0,0,1,0,2
56,0,0,1,1,0,1,0,0,1,0,4
57,0,1,0,0,0,0,0,0,1,0,2
58,0,0,1,1,0,1,0,0,1,0,4
59,0,1,0,1,1,1,0,0,1,0,5
60,0,0,0,0,0,1,0,0,1,0,2
61,0,0,0,0,0,0,0,0,0,1,1
62,0,0,0,0,0,1,0,1,1,0,3
63,0,0,0,0,0,0,0,0,0,1,1
64,0,0,0,0,0,0,0,0,0,1,1
65,0,0,0,0,0,0,0,0,1,0,1
66,0,0,0,0,0,0,0,0,1,0,1
67,0,0,0,0,0,0,0,0,1,0,1
68,0,0,0,0,0,0,0,0,0,1,1
69,0,0,0,1,0,0,0,0,1,0,2
70,0,0,0,1,0,0,0,0,0,0,1
71,0,0,0,1,0,0,0,0,0,0,1
72,0,0,1,0,0,1,0,1,1,0,4
73,0,0,0,1,0,0,0,0,0,0,1
74,0,0,1,0,0,0,0,0,0,0,1
75,0,0,1,0,0,0,0,0,0,0,1
76,0,0,0,0,0,0,0,0,1,0,1
77,0,0,0,0,0,0,0,0,0,1,1
78,0,0,0,0,0,1,0,0,0,0,1
79,0,0,0,0,0,0,0,0,0,1,1
80,0,0,0,0,0,1,0,0,1,0,2
81,0,0,0,0,0,0,0,0,0,1,1
82,0,0,0,1,0,0,0,0,1,0,2
83,0,1,0,0,0,0,0,0,1,0,2
84,0,0,0,0,0,0,0,0,1,0,1
85,0,0,1,1,0,1,0,1,1,0,5
86,0,1,1,1,0,1,0,0,1,0,5
87,0,0,0,0,0,0,0,0,1,0,1
88,0,0,0,0,0,0,0,0,0,1,1
89,0,0,1,0,0,0,0,0,1,0,2
90,0,1,1,1,0,1,0,0,1,0,5
91,0,0,0,0,0,0,0,0,0,1,1
92,0,0,1,0,0,0,0,0,1,0,2
93,0,0,0,0,0,0,0,0,1,0,1
94,0,0,0,0,0,0,0,0,1,0,1
95,0,0,1,0,0,0,0,0,0,0,1
96,0,0,0,0,0,1,0,0,1,0,2
97,0,0,0,1,0,0,0,0,1,0,2
98,0,0,1,0,0,0,0,0,0,0,1
99,0,0,0,0,0,0,0,0,0,1,1
100,0,0,1,0,0,0,0,0,1,0,2
101,0,0,0,0,0,0,0,0,0,1,1
102,0,0,0,0,0,0,0,0,0,1,1
103,0,0,0,0,0,0,0,0,0,1,1
104,0,0,0,0,0,1,0,0,1,0,2
105,0,0,1,1,0,1,0,0,1,0,4
106,0,0,1,1,0,1,0,0,1,0,4
107,0,0,0,0,0,1,0,0,1,0,2
108,0,0,0,0,0,0,0,0,0,1,1
109,0,0,0,0,0,0,0,0,0,1,1
110,0,0,0,0,0,0,0,0,0,1,1
111,0,1,0,0,0,0,0,0,1,0,2
112,0,0,1,0,1,1,0,0,1,0,4
113,0,0,1,0,0,1,0,0,1,0,3
114,0,0,0,0,0,0,0,0,0,1,1
115,0,1,1,1,0,0,0,0,1,0,4
116,0,0,0,0,0,0,0,0,1,0,1
117,0,0,0,0,1,0,0,0,1,0,2
118,0,1,0,1,1,1,0,1,1,0,6
119,0,0,0,1,0,1,0,0,0,0,2
120,0,0,0,0,0,0,0,0,1,0,1
121,0,0,0,0,0,1,0,0,0,0,1
122,0,0,1,0,0,1,0,1,0,0,3
123,0,0,0,1,0,0,0,0,1,0,2
124,0,0,0,1,0,0,0,0,0,0,1
125,0,0,0,0,0,1,0,0,1,0,2
126,0,0,0,0,0,1,0,0,1,0,2
127,0,0,1,1,1,1,0,0,1,0,5
128,0,1,0,1,0,1,0,0,1,0,4
129,0,1,1,0,0,0,0,0,1,0,3
130,0,0,1,0,0,0,0,0,0,0,1
131,0,0,0,0,0,0,0,0,1,0,1
132,0,0,0,0,0,0,0,0,0,1,1
133,0,0,0,0,0,0,0,0,0,1,1
134,0,0,0,0,0,0,0,0,0,1,1
135,0,0,0,0,0,0,0,0,0,1,1
136,0,0,0,0,0,1,0,0,1,0,2
137,0,0,1,0,0,0,0,0,1,0,2
138,0,0,0,0,0,1,0,0,0,0,1
139,0,0,0,0,0,0,0,0,0,1,1
140,0,0,1,1,0,0,0,0,1,0,3
141,0,0,0,0,0,0,0,0,0,1,1
142,0,0,0,0,0,0,0,0,0,1,1
143,0,0,0,0,0,0,0,0,1,0,1
144,0,0,0,0,0,1,0,0,0,0,1
145,0,0,0,0,0,0,0,0,0,1,1
146,0,0,1,0,0,0,0,0,1,0,2
147,1,0,1,1,0,1,0,0,1,0,5
148,0,1,0,0,0,0,0,0,1,0,2
149,0,0,0,1,0,0,0,0,0,0,1
150,0,0,0,1,0,0,0,0,0,0,1
151,0,0,0,1,0,0,0,0,0,0,1
152,0,0,0,0,0,0,0,0,0,1,1
153,0,0,0,1,0,1,0,0,1,0,3
154,0,0,0,0,0,1,0,0,1,0,2
155,0,0,0,1,0,1,0,0,0,0,2
156,0,0,0,0,0,1,0,0,1,0,2
157,0,0,0,0,0,0,0,0,0,1,1
158,0,0,1,0,1,1,0,1,1,0,5
159,0,0,0,0,0,1,0,0,1,0,2
160,0,1,0,0,1,1,0,0,1,0,4
161,0,0,0,0,0,0,0,0,1,0,1
162,0,0,0,1,0,1,0,0,1,0,3
163,0,0,1,1,0,1,0,0,0,0,3
164,0,0,1,0,0,0,0,0,1,0,2
165,0,0,0,0,0,1,0,0,1,0,2
166,0,0,0,0,0,0,0,0,1,0,1
167,0,0,1,1,0,1,0,0,1,0,4
168,0,0,0,0,0,0,0,0,1,0,1
169,0,0,0,1,0,1,0,0,1,0,3
170,0,0,0,0,0,1,0,0,0,0,1
171,0,0,0,0,0,0,0,0,0,1,1
172,0,0,0,1,0,0,0,0,0,0,1
173,0,0,0,1,0,0,0,0,0,0,1
174,0,0,1,0,0,0,0,0,0,0,1
175,0,1,1,1,1,1,0,0,1,0,6
176,0,0,0,0,0,0,0,0,1,0,1
177,0,0,0,0,0,0,0,0,0,1,1
178,0,0,0,1,0,1,0,0,1,0,3
179,0,0,0,1,0,1,0,0,1,0,3
180,0,0,0,1,0,1,0,0,1,0,3
181,0,0,0,0,0,1,0,0,1,0,2
182,0,0,0,0,0,0,0,0,0,1,1
183,0,0,1,0,0,0,0,0,0,0,1
184,0,1,1,1,0,1,0,1,1,0,6
185,0,1,1,1,0,1,0,1,1,0,6
186,0,1,1,1,0,1,0,1,1,0,6
187,0,0,1,1,1,1,0,1,1,0,6
188,0,0,1,1,0,1,0,0,1,0,4
189,0,1,0,1,1,1,0,0,1,0,5
190,0,0,0,0,0,0,0,0,0,1,1
191,0,0,1,1,0,1,0,0,1,0,4
192,0,0,0,0,0,0,0,0,0,1,1
193,0,0,1,1,0,1,0,0,1,0,4
194,0,0,0,0,0,0,0,0,1,0,1
195,0,0,0,0,0,1,0,0,1,0,2
196,1,0,0,0,0,1,0,0,1,0,3
197,0,0,1,0,0,1,0,0,1,0,3
198,0,0,0,1,0,1,0,0,1,0,3
199,0,0,0,1,0,1,0,0,1,0,3
200,0,0,0,0,0,0,0,0,1,0,1
201,0,0,1,1,0,1,0,0,0,0,3
202,0,0,0,0,0,0,0,0,1,0,1
203,0,0,1,0,0,0,0,0,0,0,1
204,0,1,0,0,0,1,0,0,0,0,2
205,0,0,0,0,0,0,0,0,1,0,1
206,0,0,0,0,0,0,0,0,0,1,1
207,0,0,0,0,0,0,0,0,0,1,1
208,0,0,0,1,0,1,0,0,1,0,3
209,0,0,0,0,0,1,0,0,0,0,1
210,0,1,0,0,0,0,0,0,1,0,2
211,0,0,0,0,0,0,0,0,0,1,1
212,0,1,0,0,0,0,0,0,1,0,2
213,0,0,0,0,0,0,0,0,0,1,1
214,0,0,0,0,0,1,0,0,1,0,2
215,0,0,0,0,0,1,0,0,0,0,1
216,0,0,0,0,0,0,0,0,0,1,1
217,0,0,0,1,0,1,0,0,0,0,2
218,0,1,0,1,1,0,0,0,1,0,4
219,0,0,0,0,0,0,0,0,1,0,1
220,0,0,0,1,0,1,0,0,0,0,2
221,0,0,0,0,0,0,0,0,0,1,1
222,0,0,1,0,0,0,0,0,1,0,2
223,0,0,0,0,0,0,0,0,0,1,1
224,0,0,0,0,0,0,0,0,0,1,1
225,0,0,0,0,0,0,0,0,0,1,1
226,0,0,0,0,0,0,0,0,0,1,1
227,0,0,0,0,0,0,0,0,1,0,1
228,0,0,0,0,0,0,0,0,1,0,1
229,0,0,0,1,0,0,0,0,0,0,1
230,0,0,0,1,0,0,0,0,0,0,1
231,0,0,0,1,0,0,0,0,0,0,1
232,0,0,0,1,0,0,0,0,0,0,1
233,0,0,0,1,0,0,0,0,1,0,2
234,0,0,0,0,0,0,0,0,0,1,1
235,0,0,0,0,0,0,0,0,0,1,1
236,0,0,1,1,0,1,0,0,1,0,4
237,0,0,0,0,0,1,0,0,1,0,2
238,0,0,0,1,0,1,0,0,1,0,3
239,0,0,0,0,0,0,0,0,0,1,1
240,0,0,0,0,0,0,0,0,0,1,1
241,0,0,1,1,0,0,0,0,1,0,3
242,0,0,1,1,0,0,0,0,1,0,3
243,0,0,0,0,0,1,0,0,1,0,2
244,0,0,0,0,0,0,0,0,0,1,1
245,0,0,0,0,0,0,0,0,0,1,1
246,0,0,0,0,0,0,0,0,0,1,1
247,0,0,1,1,0,1,0,0,0,0,3
248,0,0,0,0,0,1,0,0,1,0,2
249,0,0,0,0,0,0,0,0,0,1,1
250,0,0,0,0,0,0,0,0,0,1,1
251,0,0,0,0,0,0,0,0,0,1,1
252,0,0,0,0,0,0,0,0,1,0,1
253,0,0,1,1,0,1,0,0,0,0,3
254,0,0,0,0,0,0,0,0,0,1,1
255,0,0,1,1,0,1,0,0,1,0,4
256,0,0,0,0,0,0,0,0,1,0,1
257,0,0,0,0,0,0,0,0,0,1,1
258,0,0,1,1,0,0,0,0,1,0,3
259,0,0,0,0,0,1,0,0,1,0,2
260,0,0,1,1,0,1,0,0,1,0,4
261,0,0,0,0,0,1,0,0,1,0,2
262,0,0,0,0,0,0,0,0,1,0,1
263,0,0,0,0,0,0,0,0,0,1,1
264,0,0,0,0,0,0,0,0,0,1,1
265,0,0,0,0,0,0,0,0,0,1,1
266,0,0,0,0,0,0,0,0,0,1,1
267,0,0,0,0,0,0,0,0,0,1,1
268,0,0,0,0,0,0,0,0,1,0,1
269,0,0,0,0,0,0,0,0,0,1,1
270,0,1,0,0,0,0,0,0,0,0,1
271,0,0,0,0,0,0,0,0,0,1,1
272,0,0,0,0,0,1,0,0,1,0,2
273,0,0,0,0,0,0,0,0,0,1,1
274,0,0,0,0,0,1,0,0,1,0,2
275,0,0,1,1,0,1,0,1,1,0,5
276,0,0,0,0,0,0,0,0,1,0,1
277,0,0,0,0,0,0,0,0,0,1,1
278,0,0,0,0,0,0,0,0,1,0,1
279,0,0,1,0,0,1,0,0,0,0,2
280,0,0,1,0,0,1,0,0,0,0,2
281,0,0,0,0,0,0,0,0,1,0,1
282,0,0,0,0,0,0,0,0,0,1,1
283,0,0,0,0,0,1,0,0,1,0,2
284,0,0,0,0,0,0,0,0,1,0,1
285,0,0,0,0,0,0,0,0,0,1,1
286,0,0,0,0,0,0,0,0,0,1,1
287,0,0,0,0,0,0,0,0,1,0,1
289,0,0,0,0,0,0,0,0,1,0,1
290,0,0,0,1,0,1,0,0,0,0,2
291,0,0,0,0,0,0,0,0,1,0,1
292,0,0,0,0,0,0,0,0,0,1,1
293,0,0,0,0,0,1,0,0,1,0,2
294,0,0,0,0,0,0,0,0,1,0,1
295,0,0,1,1,0,0,0,0,1,0,3
296,0,0,0,0,0,0,0,0,1,0,1
297,0,0,0,0,0,0,0,0,1,0,1
298,0,0,0,0,0,1,0,0,1,0,2
299,0,0,0,0,0,0,0,0,1,0,1
300,0,0,0,0,0,1,0,0,0,0,1
301,0,0,0,0,0,0,0,0,0,1,1
302,0,0,0,0,0,0,0,0,0,1,1
303,0,0,1,1,0,1,0,0,1,0,4
304,0,0,0,0,1,1,0,0,0,0,2
305,0,0,0,0,0,0,0,0,0,1,1
306,0,0,1,1,0,1,0,0,0,0,3
307,0,0,1,0,0,0,0,0,1,0,2
308,1,0,0,1,0,0,0,0,1,0,3
309,0,0,0,0,0,0,0,0,0,1,1
310,0,0,0,1,0,1,0,0,1,0,3
311,0,0,0,0,0,1,0,0,1,0,2
312,0,0,0,0,0,0,0,0,0,1,1
313,0,0,0,0,0,0,0,0,1,0,1
314,0,0,0,0,0,0,0,0,1,0,1
315,0,0,0,0,0,0,0,0,0,1,1
316,0,0,0,0,0,0,0,0,0,1,1
317,0,0,0,0,0,0,0,0,0,1,1
318,0,0,0,0,0,0,0,0,1,0,1
319,0,0,0,0,0,1,0,0,1,0,2
320,0,0,0,0,0,0,0,0,1,0,1
321,0,0,0,0,0,1,0,0,1,0,2
322,0,0,0,0,0,0,0,0,0,1,1
323,0,0,0,0,0,0,0,0,0,1,1
324,0,0,0,1,0,0,0,0,1,0,2
325,0,0,0,1,0,1,0,0,1,0,3
326,0,0,1,1,0,1,0,0,1,0,4
327,0,0,0,0,0,0,0,0,1,0,1
328,0,0,1,0,0,1,0,0,1,0,3
329,0,0,0,0,0,0,0,0,0,1,1
330,0,0,0,0,0,1,0,0,0,0,1
331,0,0,0,0,0,0,0,0,1,0,1
332,0,0,0,0,0,0,0,0,1,0,1
333,0,0,0,0,0,0,0,0,0,1,1
334,0,0,0,0,0,0,0,0,1,0,1
335,0,0,0,1,0,1,0,0,1,0,3
336,0,0,0,1,0,0,0,0,1,0,2
337,0,0,0,1,0,1,0,0,1,0,3
338,0,0,0,0,0,1,0,0,1,0,2
339,0,0,0,0,0,1,0,0,1,0,2
340,0,0,0,0,0,0,0,0,0,1,1
341,0,0,0,0,0,1,0,0,0,0,1
342,0,0,0,1,0,0,0,0,1,0,2
343,0,0,1,1,0,1,0,0,0,0,3
344,0,0,1,1,0,1,0,0,1,0,4
345,0,0,0,1,0,1,0,0,1,0,3
346,0,0,0,1,0,0,0,0,0,0,1
347,0,0,0,1,0,1,0,1,1,0,4
348,0,0,0,0,0,1,0,0,0,0,1
349,0,0,0,0,0,0,0,0,0,1,1
350,0,0,0,1,0,1,0,0,1,0,3
351,0,0,0,0,0,1,0,0,0,0,1
352,0,0,0,0,0,1,0,0,0,0,1
353,0,0,0,0,0,0,0,0,0,1,1
354,0,0,0,0,0,0,0,0,0,1,1
355,0,0,0,1,0,0,0,0,1,0,2
356,0,0,0,0,0,0,0,0,1,0,1
357,0,0,0,0,0,0,0,0,1,0,1
358,0,0,0,0,0,0,0,0,1,0,1
359,0,0,0,1,0,0,0,0,1,0,2
360,0,0,0,0,0,0,0,0,1,0,1
361,0,0,0,0,0,0,0,0,1,0,1
362,0,0,0,1,0,0,0,0,0,0,1
363,0,0,0,1,0,1,0,0,1,0,3
364,0,0,0,0,0,0,0,0,1,0,1
365,0,0,0,0,0,0,0,0,0,1,1
366,0,0,0,0,0,1,0,0,1,0,2
367,0,0,0,0,0,1,0,0,0,0,1
368,0,0,0,0,0,0,0,0,0,1,1
369,0,0,0,1,0,1,0,1,1,0,4
370,0,0,0,0,0,1,0,0,1,0,2
371,0,0,0,0,0,0,0,0,0,1,1
372,0,0,0,0,0,0,0,0,0,1,1
373,0,0,0,0,0,0,0,0,0,1,1
374,0,0,0,0,0,0,0,0,0,1,1
375,0,0,0,1,0,1,0,1,1,0,4
376,0,0,0,0,0,0,0,0,0,1,1
377,0,0,0,0,0,0,0,0,1,0,1
378,0,0,0,0,0,0,0,0,0,1,1
379,0,0,0,0,0,1,0,0,1,0,2
380,0,0,0,0,0,1,0,0,1,0,2
381,0,0,0,0,0,0,0,0,1,0,1
382,0,0,0,0,0,0,0,0,0,1,1
383,0,0,0,0,0,0,0,0,1,0,1
384,0,0,0,1,0,0,0,0,0,0,1
385,0,0,0,0,0,0,0,0,1,0,1
386,0,0,0,0,0,1,0,0,1,0,2
387,0,0,1,0,0,1,0,0,1,0,3
388,0,0,0,0,0,0,0,0,1,0,1
389,0,0,0,1,0,0,0,0,0,0,1
390,0,0,0,1,0,1,0,0,1,0,3
391,0,0,0,1,0,0,0,0,1,0,2
392,0,0,0,0,0,0,0,0,1,0,1
393,0,0,0,1,0,0,0,0,1,0,2
394,0,0,0,0,0,0,0,0,0,1,1
395,0,0,1,0,0,1,0,0,0,0,2
396,0,0,0,1,0,0,0,0,1,0,2
397,0,0,0,0,0,0,0,0,0,1,1
398,0,0,1,1,0,1,0,0,1,0,4
399,0,0,0,0,0,0,0,0,0,1,1
400,0,0,1,1,0,1,0,0,1,0,4
401,0,0,0,1,0,0,0,0,1,0,2
402,0,0,0,0,0,0,0,0,1,0,1
403,0,0,0,0,0,0,0,0,0,1,1
404,0,0,0,0,0,0,0,0,1,0,1
405,0,0,0,1,0,1,0,0,1,0,3
406,0,0,0,0,0,0,0,0,0,1,1
407,0,0,0,0,0,0,0,0,0,1,1
408,0,0,1,1,0,1,0,0,0,0,3
410,0,1,1,1,0,1,0,0,0,0,4
411,0,0,1,1,0,1,0,0,1,0,4
412,0,0,0,0,0,1,0,0,1,0,2
413,0,0,0,1,0,1,0,0,1,0,3
414,0,0,0,0,0,1,0,0,1,0,2
415,0,0,1,1,0,1,0,0,1,0,4
416,1,0,1,1,0,1,0,1,1,0,6
417,0,0,0,0,0,0,0,0,0,1,1
418,0,0,1,1,0,0,0,0,1,0,3
419,0,0,0,0,0,0,0,0,0,1,1
420,0,0,0,0,0,0,0,0,0,1,1
421,0,0,0,0,0,0,0,0,0,1,1
422,0,0,0,0,0,0,0,0,0,1,1
423,0,0,0,0,0,0,0,0,0,1,1
424,0,0,1,0,0,0,0,0,0,0,1
425,0,0,0,0,0,0,0,1,0,0,1
426,0,0,1,0,0,0,0,0,1,0,2
427,0,0,1,0,0,0,0,0,1,0,2
428,0,0,0,0,0,1,0,0,1,0,2
429,0,0,0,0,0,0,0,0,1,0,1
430,0,0,1,0,0,1,0,1,1,0,4
431,0,0,0,1,0,0,0,0,0,0,1
432,0,0,0,0,0,0,0,0,0,1,1
433,0,0,0,0,0,0,0,0,0,1,1
434,0,0,1,1,1,1,0,1,1,0,6
435,0,0,0,0,0,1,0,0,1,0,2
436,0,0,0,0,0,0,0,0,1,0,1
437,0,0,1,0,0,0,0,0,1,0,2
438,0,0,0,1,0,0,0,0,1,0,2
439,0,0,0,1,0,0,0,0,1,0,2
440,0,0,0,0,0,0,0,0,1,0,1
441,0,0,0,0,0,0,0,0,1,0,1
442,0,0,0,0,0,0,0,0,1,0,1
443,0,0,0,0,0,0,0,0,1,0,1
444,0,0,0,1,0,0,0,0,1,0,2
445,0,0,0,1,0,0,0,0,1,0,2
446,0,0,0,1,1,1,0,0,1,0,4
447,0,0,0,0,0,1,0,0,1,0,2
448,0,0,0,0,0,0,0,0,0,1,1
449,0,1,1,1,1,1,0,1,1,0,7
450,0,0,0,0,0,0,0,0,0,1,1
451,0,0,0,1,0,1,0,0,1,0,3
452,0,0,0,1,0,0,0,0,0,0,1
453,0,0,1,1,0,1,0,0,0,0,3
454,0,1,1,1,1,1,0,1,1,0,7
455,0,0,0,0,0,1,0,0,1,0,2
456,0,0,0,1,0,1,0,0,1,0,3
457,0,0,0,0,0,0,0,0,0,1,1
458,0,0,0,0,0,0,0,0,0,1,1
459,0,0,0,0,0,1,0,0,0,0,1
460,0,0,0,0,0,0,0,0,1,0,1
462,0,0,0,0,0,1,0,0,0,0,1
463,0,0,0,0,0,0,0,0,1,0,1
464,0,0,1,0,0,1,0,0,0,0,2
465,0,0,0,0,0,0,0,0,0,1,1
466,0,0,1,0,0,1,0,0,1,0,3
467,0,0,0,0,0,0,0,0,0,1,1
468,0,0,1,0,0,0,0,0,0,0,1
469,0,0,0,0,0,0,0,0,0,1,1
470,0,1,0,0,0,0,0,0,1,0,2
471,0,0,0,1,0,1,0,0,0,0,2
472,0,0,0,0,0,0,0,0,1,0,1
473,0,0,0,0,0,0,0,0,1,0,1
474,0,1,1,0,0,0,0,0,1,0,3
475,0,0,0,0,0,1,0,0,1,0,2
476,0,0,0,0,0,0,0,0,1,0,1
477,0,0,0,0,0,0,0,0,0,1,1
478,0,0,1,0,0,1,0,1,0,0,3
479,0,0,0,0,0,0,0,0,0,1,1
480,0,0,1,1,0,1,0,1,1,0,5
481,0,0,1,1,0,0,0,0,1,0,3
482,0,0,0,0,0,0,0,0,0,1,1
483,0,0,1,1,1,1,0,1,1,0,6
484,0,1,1,0,0,1,0,1,1,0,5
485,0,0,0,0,0,0,0,0,1,0,1
486,0,0,0,1,0,0,0,0,0,0,1
487,0,0,0,0,0,0,0,0,0,1,1
488,0,0,1,1,0,1,0,0,1,0,4
490,0,0,0,0,0,0,0,0,1,0,1
491,0,0,0,0,0,0,0,0,0,1,1
492,1,1,1,0,1,1,0,0,1,0,6
493,0,1,1,0,0,1,0,0,1,0,4
494,0,1,1,0,1,0,0,0,1,0,4
495,0,0,1,0,0,0,0,0,1,0,2
496,0,0,1,0,0,0,0,0,0,0,1
497,1,1,1,0,1,1,0,0,1,0,6
498,0,1,1,1,0,1,0,0,1,0,5
499,0,0,0,1,0,0,0,0,0,0,1
500,0,0,0,0,0,0,0,0,0,1,1
501,0,0,0,0,0,0,0,0,0,1,1
502,0,0,0,0,0,0,0,0,0,1,1
503,0,0,0,0,0,0,0,0,0,1,1
504,0,0,1,0,0,0,0,0,1,0,2
505,0,0,0,0,0,1,0,0,1,0,2
506,0,0,0,0,0,0,0,0,0,1,1
507,0,0,1,1,0,1,0,1,1,0,5
508,0,0,0,0,0,0,0,0,0,1,1
509,0,0,0,1,0,1,0,0,1,0,3
510,0,0,0,1,0,0,0,0,1,0,2
511,0,0,0,0,0,0,0,0,0,1,1
512,0,0,0,0,0,0,0,0,1,0,1
513,0,0,0,0,0,0,0,0,1,0,1
514,0,0,0,0,0,0,0,0,1,0,1
515,0,0,1,0,0,1,0,0,0,0,2
516,0,0,0,0,0,0,0,0,1,0,1
518,0,0,0,1,1,1,0,0,1,0,4
519,0,0,0,0,0,0,0,0,1,0,1
520,0,0,1,0,0,0,0,0,1,0,2
521,0,0,0,0,0,0,0,0,0,1,1
522,0,0,0,0,0,0,0,0,0,1,1
523,0,0,0,0,0,0,0,0,1,0,1
524,0,0,0,0,0,1,0,0,1,0,2
525,0,0,0,0,0,0,0,0,0,1,1
526,0,0,0,0,0,0,0,0,0,1,1
527,0,0,1,0,0,0,0,0,1,0,2
528,0,0,0,0,0,0,0,0,1,0,1
529,0,0,1,0,0,0,0,0,1,0,2
530,0,0,0,0,0,0,0,0,1,0,1
531,0,0,0,0,0,0,0,0,0,1,1
532,0,0,0,0,0,0,0,0,0,1,1
533,0,0,1,0,0,0,0,0,1,0,2
534,0,0,0,0,0,1,0,0,1,0,2
535,0,0,1,1,0,1,0,0,0,0,3
536,0,0,0,0,0,1,0,0,1,0,2
537,0,0,0,0,0,1,0,0,0,0,1
538,0,0,0,0,0,1,0,0,1,0,2
539,0,1,1,1,0,1,0,0,1,0,5
540,0,1,1,1,0,1,0,0,1,0,5
541,0,1,1,0,0,1,0,0,1,0,4
542,0,0,0,1,0,1,0,0,1,0,3
543,0,0,0,1,0,1,0,0,1,0,3
544,0,0,0,0,0,0,0,0,0,1,1
545,0,0,0,0,0,0,0,0,1,0,1
546,0,0,0,0,0,0,0,1,1,0,2
547,0,0,0,0,0,0,0,0,0,1,1
548,0,0,1,1,0,1,0,0,1,0,4
549,0,0,0,0,0,0,0,0,0,1,1
550,0,0,1,1,0,0,0,0,1,0,3
551,0,0,1,1,0,1,0,1,0,0,4
552,0,0,1,0,0,1,0,0,1,0,3
553,0,1,1,1,0,1,0,0,1,0,5
554,0,0,0,0,0,0,0,0,1,0,1
555,0,1,1,1,1,1,0,0,1,0,6
556,1,0,0,1,0,0,0,0,1,0,3
557,0,0,1,1,0,1,0,0,0,0,3
558,0,0,0,1,0,1,0,0,0,0,2
559,0,0,0,0,0,1,0,0,1,0,2
560,0,0,1,1,0,1,0,0,0,0,3
561,0,0,1,0,0,1,0,0,1,0,3
562,0,0,1,1,0,1,0,0,0,0,3
563,1,0,1,0,0,0,0,0,0,0,2
564,0,0,0,0,0,0,0,0,1,0,1
565,0,0,0,0,0,0,0,0,0,1,1
567,0,0,1,0,0,1,0,0,1,0,3
568,0,1,0,1,0,1,0,0,1,0,4
569,0,0,0,0,0,0,0,0,1,0,1
570,0,0,1,0,0,0,0,0,1,0,2
571,0,0,0,1,0,0,0,0,1,0,2
572,0,0,0,0,0,0,0,0,0,1,1
573,0,0,1,0,0,0,0,0,1,0,2
574,0,0,0,0,0,0,0,1,1,0,2
575,0,0,1,0,0,1,0,0,0,0,2
576,0,0,1,1,0,0,0,0,1,0,3
577,0,0,0,1,0,0,0,0,0,0,1
578,0,0,0,1,0,1,0,0,1,0,3
579,0,0,1,1,0,0,0,0,1,0,3
580,0,0,0,1,0,1,0,0,0,0,2
581,0,0,1,1,0,1,0,0,1,0,4
582,0,0,0,0,0,1,0,0,1,0,2
583,0,0,1,0,0,0,0,0,1,0,2
584,0,0,0,0,0,0,0,0,0,1,1
585,0,0,0,0,0,0,0,0,1,0,1
586,0,0,0,0,0,0,0,0,0,1,1
587,0,1,0,0,0,1,0,0,1,0,3
588,0,0,0,1,0,1,0,0,1,0,3
589,0,0,0,0,0,0,0,0,0,1,1
590,1,0,1,0,0,1,0,1,0,0,4
591,0,0,1,1,0,1,0,0,1,0,4
592,0,0,1,0,0,1,0,0,1,0,3
593,0,0,0,0,0,0,0,0,0,1,1
594,0,0,0,0,0,0,0,0,0,1,1
595,0,0,1,1,0,1,0,0,1,0,4
596,0,0,0,1,0,0,0,0,0,0,1
597,0,0,0,1,0,1,0,0,1,0,3
598,0,0,1,0,0,1,0,0,1,0,3
599,0,0,0,0,0,0,0,0,0,1,1
600,0,0,0,0,0,0,0,0,0,1,1
601,0,0,0,0,0,0,0,0,0,1,1
602,0,0,0,0,0,0,0,0,1,0,1
603,1,0,0,1,0,0,0,0,0,0,2
604,0,1,1,1,0,1,0,0,1,0,5
605,0,0,1,1,0,1,0,0,1,0,4
606,0,0,1,0,0,0,0,0,1,0,2
607,0,0,0,0,0,0,0,0,0,1,1
608,0,0,0,0,0,1,0,0,1,0,2
609,0,0,0,0,0,0,0,0,1,0,1
610,0,0,0,0,0,1,0,0,0,0,1
611,0,0,0,0,0,0,0,0,1,0,1
612,0,0,0,0,0,1,0,0,1,0,2
613,0,0,0,1,0,1,0,1,0,0,3
614,0,0,0,1,0,1,0,1,0,0,3
615,0,0,0,0,0,0,0,0,1,0,1
616,0,0,1,1,0,0,0,1,0,0,3
617,0,1,0,0,0,0,0,0,1,0,2
618,0,0,0,0,0,0,0,0,1,0,1
619,0,0,0,0,0,0,0,0,1,0,1
620,0,0,0,0,0,0,0,0,1,0,1
621,0,0,0,0,0,0,0,0,0,1,1
622,0,0,0,1,0,1,0,0,0,0,2
623,0,0,0,1,0,1,0,0,0,0,2
624,0,0,1,1,1,1,0,0,1,0,5
625,0,0,1,0,0,1,0,0,0,0,2
626,0,0,0,1,0,1,0,0,1,0,3
627,0,1,0,0,0,1,0,0,1,0,3
628,0,0,1,1,0,1,0,0,0,0,3
629,0,0,0,0,0,1,0,0,0,0,1
630,0,0,0,1,0,1,0,0,1,0,3
631,0,0,0,0,0,0,0,0,0,1,1
632,0,0,0,0,0,0,0,0,1,0,1
633,0,0,0,0,0,0,0,0,1,0,1
634,0,0,0,0,0,0,0,0,0,1,1
635,0,1,0,0,1,1,0,0,1,0,4
636,0,0,0,0,0,0,0,0,0,1,1
637,0,0,0,0,0,1,0,0,1,0,2
638,0,0,0,0,0,0,0,0,0,1,1
639,0,0,1,1,1,0,0,1,1,0,5
640,0,0,0,0,0,0,0,0,0,1,1
641,0,0,1,0,0,0,0,0,1,0,2
642,0,1,1,1,1,0,0,1,1,0,6
643,0,0,0,0,0,1,0,0,0,0,1
644,0,0,0,0,0,0,0,0,0,1,1
645,0,1,1,0,0,0,0,0,1,0,3
646,0,0,1,0,0,0,0,0,0,0,1
647,0,1,0,1,0,1,0,0,1,0,4
648,0,0,0,0,0,0,0,0,0,1,1
649,0,0,0,1,0,0,0,0,0,0,1
650,0,0,0,0,0,0,0,0,0,1,1
651,0,0,0,0,0,1,0,0,1,0,2
652,0,0,0,0,0,0,0,0,0,1,1
653,0,0,0,0,0,1,0,0,1,0,2
654,0,0,0,0,0,0,0,0,0,1,1
655,0,0,0,0,0,0,0,0,0,1,1
656,0,0,0,0,0,0,0,0,0,1,1
657,0,0,0,0,0,0,0,0,0,1,1
658,0,0,0,0,0,0,0,0,1,0,1
659,0,0,0,0,0,1,0,1,0,0,2
660,0,0,0,0,0,1,0,0,0,0,1
661,0,0,0,0,0,0,0,0,0,1,1
662,0,0,0,0,0,0,0,0,0,1,1
663,0,0,0,0,0,0,0,0,0,1,1
664,0,0,0,0,0,1,0,0,1,0,2
665,0,0,0,1,0,1,0,0,1,0,3
666,0,0,0,0,0,1,0,0,1,0,2
667,0,0,1,0,0,1,0,0,1,0,3
668,0,1,0,0,0,1,0,0,1,0,3
669,0,0,1,1,0,1,0,1,1,0,5
670,0,0,1,1,0,1,0,0,1,0,4
671,0,0,0,0,0,0,0,0,0,1,1
672,0,0,1,1,0,1,0,0,1,0,4
673,0,0,1,1,0,1,0,0,1,0,4
674,0,0,1,1,0,1,0,1,1,0,5
675,0,0,0,0,0,1,0,0,1,0,2
676,0,0,1,0,0,0,0,1,1,0,3
677,0,1,0,1,0,0,0,0,1,0,3
678,0,0,0,1,0,0,0,0,1,0,2
679,0,0,1,0,0,1,0,0,1,0,3
680,0,0,0,0,0,1,0,0,0,0,1
681,0,0,0,0,0,0,0,0,0,1,1
682,0,0,0,0,0,0,0,0,1,0,1
683,0,0,0,0,0,0,0,0,0,1,1
684,0,0,0,0,0,1,0,0,1,0,2
685,0,0,0,0,0,0,0,0,0,1,1
686,0,0,0,0,0,0,0,0,1,0,1
687,0,0,0,0,0,0,0,0,1,0,1
688,0,1,1,1,1,0,0,1,1,0,6
689,0,0,0,0,0,0,0,0,1,0,1
690,0,0,0,0,0,0,0,0,0,1,1
691,0,0,0,0,0,0,0,0,0,1,1
692,0,0,1,0,0,1,0,0,1,0,3
693,0,0,1,1,0,1,0,1,1,0,5
694,0,0,0,0,0,0,0,0,0,1,1
695,0,0,0,0,0,0,0,0,0,1,1
696,0,1,0,0,0,0,0,0,0,0,1
697,0,0,0,0,0,0,0,0,0,1,1
698,0,0,0,0,0,0,0,0,0,1,1
699,0,0,0,0,0,0,0,0,0,1,1
700,0,1,0,1,0,0,0,0,1,0,3
701,0,0,0,0,0,0,0,0,1,0,1
702,0,0,0,0,0,0,0,0,0,1,1
703,0,0,0,0,0,0,0,0,0,1,1
704,0,0,0,0,0,0,0,0,0,1,1
705,0,1,1,1,1,1,0,1,1,0,7
706,0,0,0,1,0,0,0,0,0,0,1
707,0,0,0,0,0,0,0,0,0,1,1
708,0,0,0,0,0,0,0,0,0,1,1
709,0,0,0,1,0,1,0,0,0,0,2
710,0,0,1,1,0,1,0,0,1,0,4
711,0,0,0,0,0,0,0,0,0,1,1
712,0,0,0,1,0,1,0,0,1,0,3
714,0,0,0,0,0,0,0,0,1,0,1
715,0,0,0,0,0,0,0,0,1,0,1
716,0,0,0,0,0,0,0,0,0,1,1
717,0,0,1,1,0,1,0,0,1,0,4
718,0,0,0,0,0,0,0,0,0,1,1
719,0,0,1,1,0,1,0,0,1,0,4
720,0,0,0,0,0,1,0,0,1,0,2
721,0,0,0,0,0,0,0,0,0,1,1
722,0,1,0,0,0,1,0,0,1,0,3
723,0,0,0,0,0,0,0,0,1,0,1
724,0,1,1,1,0,1,0,0,1,0,5
725,0,0,1,1,0,1,0,1,1,0,5
726,0,0,0,0,0,1,0,1,0,0,2
727,0,0,0,0,0,1,0,1,1,0,3
728,0,0,1,0,0,1,0,0,0,0,2
729,0,1,1,0,0,1,0,0,1,0,4
730,0,0,1,0,0,1,0,1,1,0,4
731,0,1,0,0,0,1,0,0,0,0,2
732,0,0,0,0,0,0,0,0,0,1,1
733,0,1,0,1,0,0,0,0,0,0,2
734,0,0,0,0,0,0,0,0,0,1,1
735,0,1,1,1,0,1,0,1,1,0,6
736,0,1,1,1,0,1,0,1,1,0,6
737,0,0,1,0,0,1,0,0,1,0,3
738,0,0,0,1,0,1,0,1,0,0,3
739,0,0,1,1,0,1,0,0,0,0,3
740,0,0,0,0,0,0,0,0,0,1,1
741,0,0,0,0,0,0,0,0,0,1,1
742,0,0,0,0,0,0,0,0,0,1,1
743,0,1,1,1,0,1,0,1,1,0,6
744,1,0,0,1,0,0,0,0,1,0,3
745,0,0,0,0,0,0,0,0,0,1,1
746,0,0,0,0,0,0,0,0,0,1,1
747,0,0,0,0,0,1,0,0,0,0,1
748,0,0,0,0,0,1,0,0,0,0,1
749,0,0,0,0,0,1,0,0,0,0,1
750,0,0,0,1,0,1,0,0,1,0,3
751,0,0,0,0,0,1,0,0,0,0,1
752,0,0,0,0,0,0,0,0,0,1,1
753,1,0,0,1,0,1,0,1,1,0,5
754,0,0,0,1,0,0,0,0,0,0,1
755,0,0,0,0,0,0,0,0,1,0,1
756,0,0,0,0,0,1,0,0,1,0,2
757,0,0,0,0,0,1,0,0,1,0,2
758,0,0,1,1,0,1,0,1,1,0,5
759,0,0,1,1,0,1,0,0,1,0,4
760,0,0,0,1,0,1,0,1,0,0,3
761,0,0,1,0,0,0,0,0,1,0,2
762,0,0,0,0,0,0,0,0,0,1,1
763,0,0,0,0,0,0,0,0,0,1,1
764,0,1,1,1,1,1,0,0,1,0,6
765,0,1,0,1,0,1,0,0,1,0,4
766,0,0,0,0,0,0,0,0,0,1,1
767,0,0,1,1,0,1,0,1,0,0,4
768,0,0,0,0,0,0,0,0,0,1,1
769,0,0,0,0,0,0,0,0,0,1,1
770,0,0,0,0,0,0,0,0,0,1,1
771,0,0,1,1,0,1,0,0,1,0,4
772,0,0,1,0,0,1,0,1,0,0,3
773,0,0,1,0,0,1,0,0,1,0,3
774,0,0,0,0,0,1,0,0,1,0,2
775,0,0,0,0,0,0,0,0,0,1,1
776,0,0,1,1,0,0,0,0,0,0,2
777,0,0,1,1,0,1,0,0,0,0,3
778,0,0,0,0,0,1,0,0,1,0,2
779,0,0,0,0,0,1,0,0,0,0,1
780,1,0,0,0,0,1,0,0,0,0,2
781,1,0,1,1,0,1,0,1,1,0,6
782,0,0,0,1,0,0,0,0,1,0,2
783,0,1,1,1,0,1,0,0,1,0,5
784,1,0,1,1,0,1,0,0,1,0,5
785,0,0,0,0,0,0,0,0,1,0,1
786,0,0,0,0,0,0,0,0,0,1,1
787,0,0,0,0,0,0,0,0,0,1,1
788,0,0,0,0,0,0,0,0,1,0,1
789,0,0,0,0,0,0,0,0,1,0,1
790,0,0,0,1,0,1,0,0,1,0,3
791,0,0,1,1,0,1,0,0,1,0,4
792,0,0,0,0,1,0,0,0,1,0,2
793,0,0,0,0,0,0,0,0,1,0,1
794,0,0,1,0,0,1,0,0,1,0,3
795,0,0,0,0,0,0,0,0,0,1,1
797,0,0,1,1,0,1,0,1,1,0,5
798,0,1,1,1,0,1,0,0,1,0,5
799,0,0,0,0,0,0,0,0,1,0,1
800,0,0,1,0,0,1,0,0,1,0,3
802,0,0,0,1,0,0,0,0,1,0,2
803,0,0,0,0,0,1,0,0,1,0,2
804,0,0,0,1,0,1,0,1,0,0,3
805,0,0,0,0,0,0,0,0,0,1,1
806,0,0,0,1,0,0,0,0,0,0,1
807,0,0,0,0,0,0,0,0,1,0,1
808,0,0,0,0,0,1,0,0,1,0,2
810,0,0,0,0,0,0,0,0,1,0,1
811,0,0,0,1,0,0,0,0,1,0,2
812,0,0,0,0,0,0,0,0,0,1,1
813,0,0,0,1,0,1,0,0,1,0,3
814,0,0,0,0,0,1,0,0,1,0,2
815,0,0,0,0,0,0,0,0,0,1,1
816,0,0,0,0,0,1,0,0,0,0,1
817,0,0,0,0,0,1,0,0,0,0,1
818,0,0,0,0,0,0,0,0,0,1,1
819,0,0,0,0,0,0,0,0,0,1,1
820,0,0,0,0,0,1,0,0,1,0,2
821,0,0,0,0,0,0,0,0,0,1,1
822,0,0,0,0,0,1,0,0,0,0,1
823,0,0,1,1,0,1,0,1,1,0,5
824,0,0,1,1,1,1,0,0,1,0,5
825,0,0,0,0,0,0,0,0,0,1,1
826,0,0,0,0,0,0,0,0,1,0,1
827,0,0,0,0,0,0,0,0,1,0,1
828,0,1,0,1,0,0,0,0,0,0,2
829,0,0,1,0,0,0,0,0,1,0,2
830,0,1,1,0,0,0,0,0,1,0,3
831,0,0,0,0,0,0,0,0,1,0,1
832,0,0,0,0,0,1,0,0,1,0,2
833,0,0,0,0,0,0,0,0,0,1,1
834,0,0,1,0,0,0,0,0,1,0,2
835,0,0,0,0,0,0,0,0,1,0,1
836,0,0,0,0,0,0,0,0,0,1,1
837,0,0,0,0,0,0,0,0,0,1,1
838,0,0,0,0,0,0,0,0,1,0,1
839,0,0,0,1,0,1,0,0,1,0,3
840,0,0,0,0,0,0,0,0,0,1,1
841,0,1,0,1,0,1,0,0,1,0,4
842,0,0,1,0,0,0,0,0,1,0,2
843,0,0,0,0,0,0,0,0,1,0,1
844,0,0,0,0,0,1,0,0,1,0,2
845,0,0,0,0,0,0,0,0,0,1,1
846,0,0,0,0,0,0,0,0,0,1,1
847,0,0,0,0,0,0,0,0,0,1,1
848,0,0,0,0,0,0,0,0,0,1,1
849,0,0,0,0,0,0,0,0,0,1,1
850,0,0,0,0,0,0,0,0,0,1,1
851,0,0,0,0,0,0,0,0,0,1,1
852,0,0,0,0,0,0,0,0,1,0,1
853,0,0,0,0,0,1,0,0,1,0,2
854,0,0,0,0,0,0,0,0,0,1,1
855,0,0,0,0,0,0,0,0,0,1,1
856,0,0,0,0,0,0,0,0,0,1,1
857,0,0,1,1,0,1,0,0,1,0,4
858,0,0,0,0,0,1,0,0,0,0,1
859,0,0,1,1,0,1,0,0,1,0,4
860,0,0,1,0,0,0,0,0,1,0,2
861,0,0,0,0,0,1,0,0,1,0,2
862,0,0,1,0,1,0,0,0,1,0,3
863,0,0,0,1,0,1,0,0,1,0,3
864,0,0,0,0,0,0,0,0,0,1,1
865,0,1,0,0,0,1,0,0,1,0,3
866,0,0,0,0,0,0,0,0,0,1,1
867,0,0,1,1,0,1,0,0,1,0,4
868,0,1,0,0,0,0,0,0,1,0,2
869,0,0,0,0,1,1,0,0,1,0,3
870,0,0,0,0,0,1,0,0,0,0,1
871,0,0,0,0,0,0,0,0,0,1,1
872,0,0,0,0,0,1,0,0,1,0,2
873,0,0,0,0,0,0,0,0,1,0,1
874,0,0,0,0,0,1,0,0,1,0,2
875,0,0,0,0,0,0,0,0,1,0,1
876,0,0,0,0,0,0,0,0,1,0,1
877,0,0,1,1,0,1,0,0,1,0,4
878,0,0,0,0,0,1,0,0,1,0,2
879,0,0,0,0,0,1,0,0,1,0,2
880,0,0,0,0,0,0,0,0,0,1,1
881,0,0,0,0,0,1,0,0,1,0,2
883,1,0,1,1,0,1,0,0,1,0,5
884,0,0,0,1,0,1,0,0,0,0,2
885,0,0,0,1,0,1,0,0,0,0,2
886,0,0,0,0,0,1,0,0,1,0,2
887,0,0,0,0,0,1,0,0,1,0,2
888,0,1,0,0,0,0,0,0,1,0,2
889,0,0,0,1,1,0,0,0,1,0,3
890,0,1,0,1,0,0,0,0,1,0,3
891,0,0,0,0,0,0,0,0,0,1,1
892,0,0,1,0,0,1,0,0,1,0,3
893,0,0,0,0,0,0,0,0,0,1,1
894,0,0,1,0,0,1,0,0,0,0,2
895,0,0,0,1,0,1,0,0,1,0,3
896,0,0,0,0,0,0,0,0,0,1,1
897,0,0,0,0,0,1,0,0,1,0,2
898,0,0,0,0,0,0,0,0,1,0,1
899,0,0,0,0,0,0,0,0,0,1,1
900,0,0,0,0,0,0,0,0,1,0,1
901,0,0,0,0,0,0,0,0,0,1,1
902,0,0,0,0,0,0,0,0,1,0,1
903,0,0,0,0,0,0,0,0,0,1,1
904,0,0,1,0,0,0,0,0,1,0,2
905,0,0,0,0,1,0,0,0,1,0,2
906,0,0,0,0,0,0,0,0,1,0,1
907,0,0,0,0,0,0,0,0,1,0,1
908,0,0,1,1,0,1,0,0,1,0,4
909,0,0,0,0,0,0,0,0,0,1,1
910,0,0,0,1,0,0,0,0,0,0,1
911,0,0,0,0,0,0,0,0,0,1,1
912,0,0,0,0,0,0,0,0,1,0,1
913,0,0,0,0,0,0,0,0,0,1,1
914,0,1,1,1,1,1,0,1,1,0,7
915,0,0,1,0,0,1,0,0,1,0,3
916,0,0,0,0,0,0,0,0,0,1,1
917,0,0,1,1,0,1,0,0,1,0,4
918,0,0,1,0,0,1,0,0,1,0,3
919,0,1,0,0,0,1,0,0,0,0,2
920,0,0,0,0,0,0,0,0,0,1,1
921,0,0,0,1,0,0,0,0,1,0,2
922,0,0,0,1,0,1,0,0,0,0,2
923,0,1,0,0,0,0,0,0,0,0,1
924,0,1,1,1,0,1,0,1,1,0,6
925,0,0,0,0,0,0,0,0,0,1,1
926,0,0,0,0,0,0,0,0,0,1,1
927,0,1,0,1,1,1,0,1,1,0,6
928,0,0,0,0,0,0,0,0,0,1,1
929,0,1,0,0,0,1,0,0,1,0,3
930,0,0,0,1,0,1,0,0,0,0,2
931,0,0,0,1,0,0,0,0,1,0,2
932,0,0,1,1,0,1,0,0,0,0,3
933,0,0,0,0,0,0,0,0,0,1,1
934,0,0,0,0,0,0,0,0,0,1,1
935,0,0,0,0,0,1,0,0,0,0,1
936,0,1,0,1,0,0,0,0,0,0,2
937,0,0,0,0,0,1,0,0,0,0,1
938,0,0,1,0,1,1,0,0,1,0,4
939,0,0,0,0,0,0,0,0,0,1,1
940,0,0,0,0,0,0,0,0,0,1,1
941,0,0,1,0,0,0,0,0,1,0,2
942,0,0,1,1,0,1,0,0,1,0,4
943,0,0,0,0,0,0,0,0,0,1,1
944,0,0,0,0,0,0,0,0,0,1,1
945,0,0,0,0,0,0,0,0,1,0,1
946,0,0,0,0,0,0,0,0,1,0,1
947,0,0,0,0,0,0,0,0,0,1,1
948,0,0,1,0,0,1,0,0,1,0,3
949,0,0,0,0,0,0,0,0,0,1,1
950,0,0,0,0,0,0,0,0,1,0,1
951,0,0,0,0,0,1,0,0,1,0,2
952,0,0,0,0,0,1,0,0,1,0,2
953,0,0,0,0,0,0,0,0,1,0,1
954,0,0,0,1,0,1,0,0,1,0,3
955,0,0,0,1,0,1,0,0,1,0,3
956,0,0,0,0,0,0,0,0,1,0,1
957,0,0,0,0,0,0,0,0,0,1,1
958,0,0,0,0,0,1,0,0,0,0,1
959,0,0,0,0,0,0,0,0,0,1,1
960,0,0,0,0,0,0,0,0,0,1,1
961,0,0,0,0,0,0,0,0,1,0,1
962,0,0,0,0,0,1,0,0,0,0,1
963,0,0,0,0,0,0,0,0,0,1,1
964,1,1,1,0,0,1,0,1,1,0,6
965,0,0,0,0,0,0,0,0,0,1,1
966,0,0,0,0,0,0,0,0,1,0,1
967,0,0,0,0,0,0,0,0,1,0,1
968,0,0,0,0,0,0,0,0,1,0,1
969,0,0,0,0,0,0,0,0,0,1,1
970,0,0,0,0,0,0,0,1,0,0,1
971,0,0,0,0,0,0,0,0,1,0,1
972,0,0,0,1,0,1,0,0,1,0,3
973,0,0,0,0,0,0,0,0,1,0,1
974,0,0,0,0,0,0,0,0,0,1,1
976,0,0,0,0,0,1,0,0,1,0,2
977,0,0,0,0,0,0,0,0,1,0,1
978,0,0,1,0,0,1,0,0,0,0,2
979,0,0,1,0,0,0,0,0,1,0,2
980,0,0,1,0,0,0,0,1,0,0,2
981,0,0,1,1,0,1,0,0,1,0,4
982,0,0,0,0,0,0,0,0,1,0,1
983,0,0,0,0,0,0,0,0,0,1,1
984,0,0,0,1,0,1,0,0,1,0,3
985,0,0,1,1,0,1,0,0,0,0,3
986,0,0,0,0,0,0,0,0,0,1,1
987,0,0,0,0,0,1,0,0,0,0,1
988,0,0,0,0,0,0,0,0,1,0,1
989,0,0,1,1,0,1,0,0,0,0,3
990,0,0,0,0,0,0,0,0,0,1,1
991,0,0,0,0,0,0,0,0,0,1,1
992,0,0,0,0,0,0,0,0,1,0,1
994,0,0,0,0,0,0,0,0,0,1,1
995,0,0,0,0,0,0,0,0,1,0,1
996,0,0,1,1,0,1,0,0,0,0,3
997,0,0,0,0,0,0,0,0,1,0,1
998,0,0,1,1,0,1,0,0,1,0,4
999,0,0,0,0,0,0,0,0,0,1,1
1000,0,0,1,1,0,1,0,0,0,0,3
1001,0,0,0,0,0,0,0,0,1,0,1
1002,0,0,0,0,0,0,0,0,1,0,1
1003,0,0,0,1,0,1,0,0,0,0,2
1004,0,0,1,0,0,1,0,1,1,0,4
1005,0,0,0,0,0,1,0,0,1,0,2
1006,0,0,0,1,0,1,0,0,1,0,3
1007,0,0,0,0,0,0,0,0,1,0,1
1008,0,0,0,0,0,0,0,0,1,0,1
1009,0,0,0,0,0,0,0,0,0,1,1
1010,0,0,0,0,1,1,0,0,1,0,3
1011,0,0,0,1,0,0,0,0,0,0,1
1012,0,1,0,0,0,0,0,0,1,0,2
1013,0,0,0,0,0,0,0,0,1,0,1
1014,0,0,0,0,0,0,0,0,0,1,1
1015,0,0,0,0,0,0,0,0,0,1,1
1016,0,0,0,0,0,0,0,0,1,0,1
1017,0,0,1,1,0,1,0,0,1,0,4
1018,0,0,0,0,0,0,0,0,0,1,1
1020,0,0,1,1,0,1,0,1,1,0,5
1021,0,0,0,0,0,0,0,0,0,1,1
1022,0,0,1,0,0,1,0,0,1,0,3
1023,0,1,0,1,0,1,0,0,1,0,4
1024,0,0,1,0,0,0,0,0,0,0,1
1025,0,0,0,0,0,0,0,0,1,0,1
1026,0,0,0,0,0,0,0,0,0,1,1
1027,0,0,0,0,0,0,0,0,1,0,1
1028,0,1,0,1,0,1,0,0,0,0,3
1029,0,0,1,1,0,1,0,0,0,0,3
1030,0,0,0,0,0,0,0,0,0,1,1
1031,0,0,1,0,0,0,0,0,1,0,2
1032,0,0,0,0,0,0,0,0,1,0,1
1033,0,0,1,1,0,1,0,0,1,0,4
1034,0,0,0,1,1,1,0,0,1,0,4
1035,0,0,0,1,0,1,0,0,1,0,3
1036,0,0,1,0,0,0,0,0,1,0,2
1037,0,0,0,0,0,0,0,0,1,0,1
1038,0,0,0,1,1,1,0,0,1,0,4
1039,0,0,0,1,0,0,0,0,0,0,1
1040,0,0,0,0,0,0,0,0,1,0,1
1041,0,0,0,0,0,0,0,0,1,0,1
1042,0,0,0,0,0,1,0,0,1,0,2
1043,0,0,0,0,0,0,0,0,1,0,1
1044,0,0,0,1,0,1,0,0,1,0,3
1045,0,0,1,0,0,1,0,0,1,0,3
1046,0,0,1,0,0,1,0,0,1,0,3
1047,0,0,0,0,0,1,0,0,1,0,2
1048,0,0,0,1,0,1,0,0,0,0,2
1049,0,0,0,0,0,0,0,0,0,1,1
1050,0,0,0,0,0,0,0,0,0,1,1
1051,0,0,0,0,0,1,0,0,1,0,2
1052,0,0,0,0,0,1,0,0,1,0,2
1053,0,0,1,1,0,1,0,0,1,0,4
1054,0,1,1,0,0,0,0,0,1,0,3
1055,0,0,0,0,0,0,0,0,0,1,1
1056,0,1,0,0,0,0,0,0,1,0,2
1057,0,0,0,0,0,1,0,0,1,0,2
1058,0,0,0,0,0,0,0,0,1,0,1
1059,0,1,0,0,0,1,0,0,1,0,3
1060,0,0,0,0,1,1,0,0,1,0,3
1061,0,1,1,1,0,1,0,0,1,0,5
1062,0,1,0,0,0,0,0,0,1,0,2
1063,0,1,0,0,0,1,0,0,1,0,3
1064,0,0,0,0,0,0,0,0,1,0,1
1065,0,1,0,0,0,0,0,0,1,0,2
1066,0,1,0,1,0,0,0,0,1,0,3
1067,0,0,1,0,0,1,0,0,1,0,3
1068,0,1,0,0,0,0,0,0,0,0,1
1069,0,0,1,1,0,1,0,0,1,0,4
1070,0,0,0,0,0,0,0,0,0,1,1
1071,0,0,0,0,0,0,0,0,0,1,1
1072,0,0,0,0,0,0,0,0,0,1,1
1073,0,1,1,1,0,1,0,1,1,0,6
1074,0,0,0,0,0,0,0,0,1,0,1
1075,0,0,1,0,0,1,0,0,1,0,3
1076,0,0,0,0,0,0,0,0,1,0,1
1077,0,0,0,0,0,0,0,0,1,0,1
1078,0,0,1,0,0,1,0,0,1,0,3
1079,0,0,0,0,0,0,0,0,0,1,1
1080,0,1,0,0,0,0,0,0,1,0,2
1081,0,0,0,0,0,0,0,0,1,0,1
1082,0,0,0,1,0,1,0,0,1,0,3
1083,0,0,0,1,0,1,0,0,0,0,2
1084,0,1,0,0,0,0,0,0,1,0,2
1085,0,0,0,0,0,1,0,0,1,0,2
1086,0,0,0,1,0,1,0,0,0,0,2
1087,0,0,0,0,0,0,0,0,1,0,1
1088,0,0,0,0,0,0,0,0,1,0,1
1089,0,0,0,0,0,0,0,0,1,0,1
1090,0,0,0,0,0,0,0,0,0,1,1
1091,0,0,0,0,0,1,0,0,0,0,1
1092,0,0,1,1,0,0,0,0,1,0,3
1093,0,0,0,0,0,0,0,0,0,1,1
1095,0,0,0,0,0,0,0,0,1,0,1
1096,0,0,0,1,0,1,0,0,1,0,3
1097,0,0,0,0,0,0,0,0,0,1,1
1098,0,0,0,0,0,1,0,0,1,0,2
1099,0,0,0,0,0,1,0,0,1,0,2
1100,0,0,0,0,0,0,0,0,0,1,1
1101,0,0,0,1,0,1,0,0,1,0,3
1102,0,0,0,0,0,0,0,0,1,0,1
1103,0,0,0,0,0,0,0,0,0,1,1
1104,0,0,0,0,0,0,0,0,0,1,1
1105,0,0,0,0,0,0,0,0,1,0,1
1106,0,0,1,0,0,1,0,1,1,0,4
1107,0,0,1,0,0,0,0,0,1,0,2
1108,0,0,0,0,0,0,0,0,0,1,1
1109,0,0,0,1,0,0,0,0,0,0,1
1110,0,1,1,1,0,1,0,0,1,0,5
1111,0,1,0,1,0,1,0,0,1,0,4
1112,0,0,0,0,0,0,0,0,0,1,1
1113,0,0,0,0,0,0,0,0,0,1,1
1114,0,0,0,0,0,1,0,0,0,0,1
1115,0,0,0,0,0,0,0,0,0,1,1
1116,0,0,0,1,0,1,0,0,0,0,2
1117,0,1,1,1,1,0,0,1,1,0,6
1118,0,0,0,0,0,1,0,0,0,0,1
1119,0,0,0,1,0,1,0,0,0,0,2
1121,0,0,1,0,0,1,0,0,0,0,2
1122,0,0,0,0,0,0,0,0,1,0,1
1123,0,0,0,0,0,0,0,0,1,0,1
1124,0,0,0,0,0,0,0,0,0,1,1
1125,0,0,0,0,0,0,0,0,0,1,1
1126,0,0,0,0,0,0,0,0,0,1,1
1127,0,1,1,1,0,1,0,1,1,0,6
1128,0,0,0,0,0,0,0,0,0,1,1
1129,0,0,0,0,0,0,0,0,1,0,1
1130,0,0,0,0,0,0,0,0,0,1,1
1131,0,0,0,0,0,0,0,0,1,0,1
1132,0,1,1,1,1,1,0,0,1,0,6
1133,0,0,0,0,0,0,0,0,1,0,1
1134,0,0,0,1,0,1,0,0,0,0,2
1135,0,0,0,0,0,0,0,0,1,0,1
1136,0,0,0,0,0,0,0,0,1,0,1
1137,0,0,1,0,0,1,0,0,1,0,3
1138,0,0,0,0,0,0,0,0,1,0,1
1139,0,1,1,1,0,1,0,1,1,0,6
1140,1,1,1,1,0,1,0,1,1,0,7
1141,0,1,0,0,0,1,0,0,1,0,3
1142,1,1,1,1,1,1,0,1,1,0,8
1143,0,0,0,0,0,0,0,0,1,0,1
1144,0,0,0,0,0,0,0,0,1,0,1
1145,0,0,0,0,0,0,0,0,1,0,1
1146,1,0,1,1,0,1,0,1,1,0,6
1147,0,0,0,1,0,0,0,0,1,0,2
1148,0,0,0,0,0,0,0,0,1,0,1
1149,0,0,1,0,0,1,0,0,1,0,3
1151,0,0,0,1,0,0,0,0,1,0,2
1152,0,0,0,1,0,0,0,0,0,0,1
1153,0,0,1,1,0,1,0,0,0,0,3
1154,0,0,1,1,0,1,0,1,1,0,5
1155,0,0,1,1,1,1,0,1,1,0,6
1156,0,0,0,0,0,1,0,0,1,0,2
1157,0,0,0,0,0,0,0,0,0,1,1
1158,0,0,1,1,0,0,0,0,1,0,3
1159,0,0,0,0,0,1,0,0,0,0,1
1160,0,1,0,1,0,1,0,0,1,0,4
1161,0,0,0,0,0,0,0,0,0,1,1
1162,1,0,1,1,1,1,0,1,1,0,7
1163,0,0,1,1,0,1,0,1,1,0,5
1164,0,0,0,1,0,0,0,0,0,0,1
1165,0,0,0,0,0,0,0,0,0,1,1
1166,0,0,0,0,0,0,0,0,1,0,1
1167,0,0,1,1,0,1,0,0,1,0,4
1168,0,0,0,1,0,1,0,0,0,0,2
1169,0,0,1,1,0,1,0,0,1,0,4
1170,0,0,1,1,0,1,0,0,1,0,4
1171,0,0,0,0,0,0,0,0,0,1,1
1172,0,0,0,1,0,1,0,0,1,0,3
1173,0,0,0,0,0,1,0,0,1,0,2
1174,0,0,0,1,0,1,0,0,0,0,2
1175,0,0,0,0,0,0,0,0,1,0,1
1176,0,0,0,0,0,0,0,0,1,0,1
1177,0,1,0,0,0,0,0,0,1,0,2
1178,0,0,0,0,0,1,0,0,1,0,2
1179,0,0,0,0,0,0,0,0,0,1,1
1180,0,0,0,0,0,0,0,0,0,1,1
1181,0,0,0,1,0,1,0,0,1,0,3
1182,0,0,0,0,0,0,0,0,0,1,1
1183,0,0,1,0,0,1,0,0,1,0,3
1184,0,0,0,0,0,1,0,0,0,0,1
1185,0,0,0,0,0,0,0,0,0,1,1
1186,0,0,0,0,0,1,0,0,0,0,1
1187,0,0,0,0,0,0,0,0,1,0,1
1188,0,0,0,0,0,0,0,0,0,1,1
1189,0,0,0,0,0,0,0,0,0,1,1
1190,0,0,0,0,0,0,0,0,0,1,1
1191,0,0,0,0,0,0,0,0,1,0,1
1192,0,0,0,0,0,0,0,0,0,1,1
1193,0,0,0,0,0,0,0,0,0,1,1
1194,0,0,0,0,0,0,0,0,0,1,1
1195,0,0,0,0,0,0,0,0,0,1,1
1196,0,0,0,0,0,0,0,0,0,1,1
1197,0,0,0,0,0,0,0,0,0,1,1
1198,0,0,0,0,0,0,0,0,0,1,1
1199,0,0,0,0,0,0,0,0,1,0,1
1200,0,0,0,0,0,1,0,0,1,0,2
1201,0,0,0,1,0,1,0,0,0,0,2
1202,0,0,1,0,0,1,0,0,1,0,3
1203,0,0,0,0,0,1,0,0,1,0,2
1204,0,0,0,0,0,0,0,0,1,0,1
1205,0,0,0,0,0,0,0,0,1,0,1
1206,0,0,0,0,0,0,0,0,1,0,1
1207,0,0,0,0,0,0,0,0,1,0,1
1208,0,0,0,0,0,1,0,0,1,0,2
1209,0,1,0,1,0,1,0,0,1,0,4
1210,0,0,0,0,0,0,0,0,0,1,1
1211,0,1,0,1,0,1,0,0,1,0,4
1212,0,0,0,0,0,0,0,0,1,0,1
1213,0,0,0,0,0,1,0,0,1,0,2
1214,0,0,0,0,0,0,0,0,0,1,1
1215,0,0,0,0,0,1,0,0,1,0,2
1216,0,0,1,1,0,1,0,1,1,0,5
1217,0,0,1,0,0,1,0,0,0,0,2
1218,0,0,0,0,0,0,0,0,0,1,1
1219,0,0,1,1,0,1,0,1,1,0,5
1220,0,0,1,1,0,1,0,0,1,0,4
1221,0,0,0,0,0,0,0,0,0,1,1
1222,0,0,0,0,0,1,0,0,1,0,2
1223,0,0,0,1,0,0,0,0,1,0,2
1224,0,0,0,0,0,0,0,0,1,0,1
1225,0,0,0,1,0,1,0,0,1,0,3
1226,0,0,0,0,0,0,0,0,0,1,1
1228,0,1,0,1,0,1,0,0,1,0,4
1229,0,0,0,0,0,1,0,0,0,0,1
1230,0,0,1,1,0,1,0,0,1,0,4
1231,0,0,1,1,0,1,0,0,1,0,4
1232,0,1,0,1,0,0,0,0,0,0,2
1233,0,0,0,0,0,0,0,0,0,1,1
1234,0,0,0,0,0,0,0,0,0,1,1
1235,0,0,0,0,0,0,0,0,1,0,1
1236,0,1,1,1,0,1,0,0,1,0,5
1237,0,0,1,0,0,1,0,0,1,0,3
1238,0,1,0,0,0,1,0,0,1,0,3
1239,0,0,0,0,0,1,0,0,1,0,2
1240,0,0,0,0,0,1,0,0,1,0,2
1241,0,0,0,0,0,1,0,0,1,0,2
1242,0,0,1,1,0,1,0,1,0,0,4
1243,0,0,1,0,0,1,0,0,1,0,3
1244,0,0,0,1,0,0,0,0,0,0,1
1245,0,0,0,0,0,0,0,0,0,1,1
1246,0,0,1,0,0,1,0,0,1,0,3
1247,0,0,0,0,0,1,0,1,0,0,2
1248,0,0,0,0,0,1,0,0,0,0,1
1249,0,0,0,0,0,1,0,0,1,0,2
1250,0,0,0,0,0,0,0,0,0,1,1
1251,0,0,0,0,0,1,0,0,1,0,2
1252,0,0,1,0,0,1,0,0,1,0,3
1253,0,0,1,0,0,0,0,0,0,0,1
1254,0,0,1,0,0,1,0,0,1,0,3
1255,0,0,0,0,0,1,0,0,1,0,2
1256,0,0,1,1,0,0,0,0,1,0,3
1257,0,0,0,0,0,0,0,0,0,1,1
1258,0,0,1,1,0,1,0,1,1,0,5
1259,0,0,0,1,0,1,0,0,1,0,3
1260,0,0,1,1,0,1,0,0,1,0,4
1261,0,0,0,0,0,0,0,0,1,0,1
1262,0,0,0,0,0,1,0,0,1,0,2
1263,0,0,0,0,0,1,0,0,1,0,2
1264,0,0,1,1,0,0,0,0,1,0,3
1265,0,1,1,1,0,1,0,1,1,0,6
1266,0,0,0,0,0,0,0,0,0,1,1
1267,0,0,1,0,0,0,0,0,1,0,2
1268,0,0,0,0,0,0,0,0,1,0,1
1269,0,0,0,0,0,0,0,0,0,1,1
1270,0,1,0,0,0,1,0,0,1,0,3
1271,0,0,1,0,0,1,0,0,1,0,3
1272,0,0,0,1,0,0,0,0,0,0,1
1273,0,0,0,1,0,1,0,0,1,0,3
1274,0,1,0,1,0,1,0,0,1,0,4
1275,1,0,1,1,1,1,0,0,1,0,6
1276,0,0,0,0,0,0,0,0,1,0,1
1277,0,0,0,0,0,0,0,0,1,0,1
1278,0,0,0,0,0,0,0,0,0,1,1
1279,0,0,0,0,0,0,0,0,1,0,1
1280,0,0,0,0,0,0,0,0,1,0,1
1281,0,0,0,0,0,0,0,0,1,0,1
1282,0,0,1,1,0,1,0,0,0,0,3
1283,0,0,1,1,0,1,0,0,0,0,3
1284,0,1,0,1,1,1,0,1,1,0,6
1285,0,1,0,1,0,0,0,0,1,0,3
1286,0,0,1,1,0,1,0,0,1,0,4
1287,0,0,0,0,0,0,0,0,1,0,1
1288,0,1,1,1,0,1,0,1,1,0,6
1289,0,0,0,1,0,1,0,0,1,0,3
1290,0,0,0,1,0,1,0,0,1,0,3
1292,0,0,0,0,0,0,0,0,1,0,1
1293,1,0,1,1,1,1,0,0,1,0,6
1294,0,0,0,0,0,0,0,0,0,1,1
1295,0,0,1,1,0,1,0,0,1,0,4
1296,0,0,1,0,0,1,0,1,1,0,4
1297,0,0,0,0,0,0,0,0,1,0,1
1298,0,0,0,0,0,1,0,0,1,0,2
1299,0,0,0,0,0,0,0,0,0,1,1
1300,0,0,0,0,0,1,0,0,1,0,2
1301,0,0,0,0,0,0,0,0,1,0,1
1302,0,0,0,0,0,0,0,0,1,0,1
1303,0,0,0,0,0,0,0,0,0,1,1
1304,0,0,1,0,0,1,0,0,1,0,3
1305,0,0,0,0,0,0,0,0,0,1,1
1306,0,0,0,1,0,0,0,0,1,0,2
1307,0,0,0,1,0,0,0,0,0,0,1
1308,0,0,1,0,0,0,0,0,1,0,2
1309,0,0,0,0,0,0,0,0,0,1,1
1310,0,0,0,0,0,0,0,0,0,1,1
1311,0,0,1,1,0,1,0,0,1,0,4
1312,0,0,1,1,0,1,0,0,1,0,4
1313,0,0,0,0,0,1,0,0,0,0,1
1314,0,0,0,0,0,0,0,0,0,1,1
1315,0,0,0,0,0,1,0,0,1,0,2
1316,0,0,0,0,0,1,0,0,1,0,2
1317,0,0,1,0,0,1,0,0,1,0,3
1318,0,0,0,0,0,0,0,0,0,1,1
1319,0,0,0,0,0,0,0,0,0,1,1
1320,0,0,0,0,0,0,0,0,0,1,1
1321,0,0,0,0,0,0,0,0,0,1,1
1322,0,0,0,0,0,0,0,0,0,1,1
1323,0,0,0,1,0,1,0,0,1,0,3
1324,0,0,0,0,0,1,0,0,1,0,2
1325,0,0,0,0,0,0,0,0,1,0,1
1326,0,0,0,0,0,0,0,0,0,1,1
1327,0,0,1,1,0,0,0,0,1,0,3
1328,0,0,0,0,0,0,0,0,0,1,1
1329,0,0,1,1,0,1,0,0,1,0,4
1330,0,0,1,1,0,1,0,0,1,0,4
1331,0,0,1,1,0,1,0,0,1,0,4
1332,0,0,0,0,0,0,0,0,0,1,1
1333,0,0,0,0,0,1,0,0,1,0,2
1334,0,0,1,0,0,0,0,0,0,0,1
1335,0,0,1,1,0,1,0,0,0,0,3
1336,0,0,1,1,0,1,0,0,0,0,3
1337,0,0,0,0,0,0,0,0,0,1,1
1338,0,0,1,1,0,1,0,0,1,0,4
1339,0,0,0,0,0,1,0,0,0,0,1
1340,0,0,0,0,0,0,0,0,0,1,1
1341,0,0,0,0,0,0,0,0,1,0,1
1342,0,0,0,0,0,0,0,0,0,1,1
1343,0,0,0,0,0,0,0,0,0,1,1
1344,0,0,1,1,0,1,0,0,1,0,4
1345,0,0,1,0,0,1,0,0,1,0,3
1346,0,0,0,1,0,1,0,0,1,0,3
1347,0,1,0,0,0,0,0,0,1,0,2
1348,1,1,1,1,0,1,0,1,1,0,7
1349,0,0,0,0,0,1,0,0,1,0,2
1350,0,0,1,0,0,1,0,1,1,0,4
1351,0,0,0,1,0,0,0,0,0,0,1
1352,0,0,0,0,0,0,0,0,1,0,1
1353,0,0,0,0,0,0,0,0,1,0,1
1354,0,0,0,0,0,0,0,0,0,1,1
1355,0,0,0,0,0,0,0,0,0,1,1
1356,0,0,1,0,0,1,0,0,0,0,2
1357,0,0,0,0,0,0,0,0,0,1,1
1358,0,0,0,0,0,0,0,0,0,1,1
1359,0,1,1,0,0,1,0,0,1,0,4
1360,0,1,0,0,0,1,0,0,1,0,3
1361,0,0,0,0,0,0,0,0,1,0,1
1362,0,0,0,0,0,0,0,0,1,0,1
1363,0,0,0,0,0,0,0,0,1,0,1
1364,0,0,0,0,0,1,0,0,0,0,1
1365,0,0,0,0,0,0,0,0,0,1,1
1366,0,0,0,1,0,1,0,0,1,0,3
1367,0,0,0,0,0,0,0,0,0,1,1
1368,0,0,0,0,0,0,0,0,0,1,1
1369,0,0,0,0,0,0,0,0,0,1,1
1370,0,0,1,0,0,0,0,0,1,0,2
1371,0,0,0,0,0,0,0,0,1,0,1
1372,0,0,0,0,0,0,0,0,0,1,1
1373,0,0,0,0,0,0,0,0,0,1,1
1374,0,0,0,0,0,0,0,0,1,0,1
1375,0,1,0,1,0,0,0,0,1,0,3
1376,0,0,0,1,0,1,0,1,0,0,3
1377,0,0,0,0,0,0,0,0,0,1,1
1378,0,1,0,1,0,1,0,0,1,0,4
1379,0,0,0,0,0,0,0,0,1,0,1
1380,0,0,0,0,0,0,0,0,1,0,1
1381,0,0,0,1,0,0,0,0,1,0,2
1382,0,0,0,0,0,0,0,0,1,0,1
1383,0,0,0,0,1,0,0,0,1,0,2
1384,0,0,0,0,0,0,0,0,0,1,1
1385,0,0,0,1,0,0,0,0,0,0,1
1386,0,0,0,0,0,0,0,0,0,1,1
1387,0,0,0,1,0,0,0,0,1,0,2
1388,0,1,0,1,1,0,0,0,1,0,4
1389,0,0,0,0,0,1,0,0,1,0,2
1390,0,0,0,0,0,1,0,0,1,0,2
1391,0,0,1,0,1,1,0,0,1,0,4
1392,0,0,1,1,0,1,0,0,1,0,4
1393,0,0,0,0,0,0,0,0,0,1,1
1394,0,0,1,1,0,1,0,0,0,0,3
1395,0,1,0,0,0,0,0,0,1,0,2
1396,0,0,0,0,0,0,0,0,1,0,1
1397,0,1,0,0,0,0,0,0,1,0,2
1398,0,1,0,0,0,0,0,0,1,0,2
1399,0,1,0,1,0,1,0,0,1,0,4
1400,0,1,0,0,0,0,0,0,1,0,2
1401,0,1,0,0,0,0,0,0,0,0,1
1402,0,0,0,0,0,0,0,0,0,1,1
1403,0,1,0,0,0,0,0,0,1,0,2
1404,0,0,0,1,0,1,0,0,1,0,3
1405,0,1,0,1,0,0,0,0,1,0,3
1406,0,0,0,1,1,1,0,0,1,0,4
1407,0,0,0,1,0,1,0,0,1,0,3
1408,0,1,0,1,0,0,0,0,1,0,3
1409,0,0,1,1,0,1,0,0,1,0,4
1410,0,0,0,0,0,0,0,0,0,1,1
1411,0,0,0,0,0,1,0,0,1,0,2
1412,0,0,0,0,0,0,0,0,1,0,1
1413,0,0,0,0,0,0,0,0,0,1,1
1414,0,0,0,0,0,0,0,0,1,0,1
1415,0,0,0,0,0,0,0,0,1,0,1
1416,0,0,0,1,0,0,0,0,1,0,2
1417,0,0,0,0,0,0,0,0,0,1,1
1418,0,0,0,0,0,1,0,0,0,0,1
1419,0,0,0,0,0,0,0,0,0,1,1
1420,0,0,0,1,0,0,0,0,1,0,2
1421,0,0,1,1,0,1,0,0,1,0,4
1422,0,0,1,1,0,1,0,0,1,0,4
1423,0,0,1,1,0,1,0,0,1,0,4
1424,0,0,0,1,0,0,0,0,0,0,1
1425,1,0,0,0,0,0,0,0,0,0,1
1426,0,0,0,0,0,0,0,0,1,0,1
1427,0,0,0,0,0,0,0,0,0,1,1
1428,0,0,0,0,0,0,0,0,0,1,1
1429,0,0,1,1,0,1,0,0,1,0,4
1430,0,0,1,1,0,1,0,0,1,0,4
1431,0,0,0,0,0,0,0,0,0,1,1
1432,0,0,0,0,0,1,0,0,1,0,2
1433,0,0,0,1,0,0,0,0,0,0,1
1434,1,0,1,1,1,1,0,1,1,0,7
1435,0,0,0,0,0,0,0,0,1,0,1
1436,0,0,0,1,0,1,0,0,1,0,3
1437,0,0,1,0,0,0,0,0,1,0,2
1438,0,0,1,0,0,0,0,0,1,0,2
1439,0,0,0,0,0,1,0,0,0,0,1
1440,0,0,0,0,0,0,0,0,1,0,1
1441,0,1,1,1,0,1,0,0,1,0,5
1442,0,0,0,0,0,0,0,0,0,1,1
1443,0,0,0,0,0,1,0,0,1,0,2
1444,0,0,1,0,0,0,0,0,0,0,1
1445,0,0,0,0,0,0,0,0,0,1,1
1446,0,0,1,0,0,1,0,0,0,0,2
1447,0,0,0,0,0,0,0,0,0,1,1
1448,0,0,1,1,0,1,0,1,1,0,5
1449,0,0,0,0,0,0,0,0,0,1,1
1450,0,0,0,0,0,0,0,0,1,0,1
1451,0,0,0,1,0,0,0,0,1,0,2
1452,0,0,1,1,0,0,0,0,1,0,3
1453,0,0,0,0,0,0,0,0,0,1,1
1454,0,0,0,0,0,0,0,0,1,0,1
1455,0,0,0,0,0,0,0,0,0,1,1
1456,0,0,0,0,0,0,0,0,1,0,1
1457,0,0,1,1,0,1,0,0,1,0,4
1458,0,0,0,0,0,0,0,0,0,1,1
1459,0,1,1,1,1,1,0,0,1,0,6
1460,0,0,0,0,0,1,0,0,0,0,1
1461,0,0,0,0,0,0,0,0,1,0,1
1462,0,0,0,0,0,0,0,0,0,1,1
1463,0,0,0,1,0,0,0,0,0,0,1
1464,0,0,0,1,0,0,0,0,0,0,1
1465,0,0,0,0,0,1,0,0,0,0,1
1466,0,0,0,0,0,1,0,0,0,0,1
1467,0,0,0,0,0,0,0,0,0,1,1
1468,0,1,1,1,0,1,0,0,1,0,5
1469,0,0,0,1,0,0,0,0,0,0,1
1470,0,0,0,1,0,0,0,0,0,0,1
1471,0,0,0,0,0,0,0,0,1,0,1
1472,0,0,1,0,0,1,0,1,1,0,4
1473,0,0,0,0,0,0,0,0,1,0,1
1474,0,0,0,1,0,0,0,0,1,0,2
1475,0,0,0,0,0,0,0,0,0,1,1
1476,0,0,0,0,0,1,0,0,1,0,2
1477,0,1,0,0,0,0,0,0,1,0,2
1478,1,0,0,0,0,1,0,0,1,0,3
1479,0,1,1,1,0,1,0,0,1,0,5
1480,0,0,0,0,0,0,0,0,0,1,1
1481,0,0,0,0,0,0,0,0,0,1,1
1482,0,0,1,0,0,1,0,0,1,0,3
1483,0,0,0,0,0,0,0,0,0,1,1
1484,0,0,0,0,0,0,0,0,0,1,1
1485,0,0,1,0,1,1,0,0,1,0,4
